{
  "id": "foundry-rest-api",
  "title": "Foundry REST API",
  "description": "Adds rest endpoint to get data from FoundryVTT",
  "version": "1.8.5",
  "authors": [
    {
      "name": "ThreeHats",
      "url": "https://github.com/ThreeHats"
    }
  ],
  "license": "MIT",
  "url": "https://github.com/Incogneat01234/foundryvtt-rest-api-v13",
  "bugs": "https://github.com/Incogneat01234/foundryvtt-rest-api-v13/issues",
  "manifest": "https://github.com/Incogneat01234/foundryvtt-rest-api-v13/releases/latest/download/module.json",
  "download": "https://github.com/Incogneat01234/foundryvtt-rest-api-v13/releases/latest/download/module.zip",
  "compatibility": {
    "minimum": "13",
    "verified": "13"
  },
  "languages": [
    {
      "lang": "en",
      "name": "English",
      "path": "languages/en.json"
    }
  ],
  "esmodules": [
    "scripts/module.js"
  ]
}
