{
  "id": "simple-api",
  "title": "Simple API",
  "description": "Dead simple WebSocket API for Foundry VTT - no auth, just works",
  "version": "4.0.0",
  "compatibility": {
    "minimum": "10",
    "verified": "13"
  },
  "authors": [{
    "name": "Simple API"
  }],
  "esmodules": ["scripts/simple-api.js"],
  "socket": true,
  "manifest": "https://github.com/Incogneat01234/foundryvtt-rest-api-v13/releases/latest/download/module.json",
  "download": "https://github.com/Incogneat01234/foundryvtt-rest-api-v13/releases/latest/download/module.zip"
}
