{
  "id": "foundry-rest-api",
  "title": "Foundry REST API",
  "description": "Adds rest endpoint to get data from FoundryVTT",
  "version": "1.0.1",
  "authors": [
      {
          "name": "ThreeHats",
          "url": "https://github.com/ThreeHats"
      }
  ],
  "license": "MIT",
  "url": "https://github.com/ThreeHats/foundryvtt-rest-api",
  "bugs": "https://github.com/ThreeHats/foundryvtt-rest-api/issues",
  "compatibility": {
    "minimum": "13",
    "verified": "13"
  },
  "languages": [
    {
      "lang": "en",
      "name": "English",
      "path": "languages/en.json"
    }
  ],
  "esmodules": ["scripts/module.js"]
}
